Jolynn Rosalva,rosalva_j@email.com
Erwin Shonna,shonna_e@email.com
Jesse Hallie,hallie_j@email.com
Melonie Isidra,isidra_m@email.com
Neida Erline,erline_n@email.com
Betsy Kristeen,kristeen_b@email.com
Min Rod,rod_m@email.com
Levi Tyree,tyree_l@email.com
Marlin Lavada,lavada_m@email.com
Angelita Sally,sally_a@email.com
Anton Tomasa,tomasa_a@email.com
Betty Vivien,vivien_b@email.com
Anglea Sana,sana_a@email.com
Rodney Daine,daine_r@email.com
Kerstin Valeri,valeri_k@email.com
Jone Ozell,ozell_j@email.com
Chun Tiana,tiana_c@email.com
Pansy Shavonda,shavonda_p@email.com
Anne Sheilah,sheilah_a@email.com
Rudy Claretha,claretha_r@email.com
Lissette Lana,lana_l@email.com
Wilda Marguerita,marguerita_w@email.com
Rosaura Jody,jody_r@email.com
Vickey Hye,hye_v@email.com
Louvenia Kenyatta,kenyatta_l@email.com
Harvey Rosa,rosa_h@email.com
Olivia Tai,tai_o@email.com
Latesha Justin,justin_l@email.com
Darcel Palmer,palmer_d@email.com
Joelle Daphne,daphne_j@email.com
Vernice Leesa,leesa_v@email.com
Norine Hertha,hertha_n@email.com
Ellyn Riley,riley_e@email.com
Anjelica Marjorie,marjorie_a@email.com
Bettie Josiah,josiah_b@email.com
Vincent Joseph,joseph_v@email.com
Tina Juliette,juliette_t@email.com
Landon Nena,nena_l@email.com
Lia Samantha,samantha_l@email.com
Marinda Rudy,rudy_m@email.com
Julian Candace,candace_j@email.com
Mara Pricilla,pricilla_m@email.com
Bula Maricruz,maricruz_b@email.com
Marcelina Lindy,lindy_m@email.com
Ardath Lona,lona_a@email.com
Shirleen Isaias,isaias_s@email.com
Mireille Reynaldo,reynaldo_m@email.com
Hang Kyong,kyong_h@email.com
Aja Cassey,cassey_a@email.com
Len Vanna,vanna_l@email.com
Mariela Magali,magali_m@email.com
Xochitl Vicky,vicky_x@email.com
Caroline Tamika,tamika_c@email.com
Tennie Mechelle,mechelle_t@email.com
Anja Viki,viki_a@email.com
Ute Shawna,shawna_u@email.com
Dorinda Shantell,shantell_d@email.com
Bee Jean,jean_b@email.com
Leon Dawna,dawna_l@email.com
Sheree Rosaura,rosaura_s@email.com
Genevive Shandra,shandra_g@email.com
Eliza Meghann,meghann_e@email.com
Edie Felecia,felecia_e@email.com
Stacia Chang,chang_s@email.com
Aleshia Burton,burton_a@email.com
Lakita Jeramy,jeramy_l@email.com
Pasty Ila,ila_p@email.com
Huey Rana,rana_h@email.com
Adria Danille,danille_a@email.com
Kathe Cassaundra,cassaundra_k@email.com
Ebony Thao,thao_e@email.com
Tijuana Kyra,kyra_t@email.com
Precious Coy,coy_p@email.com
Jazmin Ilse,ilse_j@email.com
Gerri Hettie,hettie_g@email.com
Burton Creola,creola_b@email.com
Lora Shiloh,shiloh_l@email.com
Buford Jesenia,jesenia_b@email.com
Shela Julissa,julissa_s@email.com
Winnie Delora,delora_w@email.com
Elvis Lesia,lesia_e@email.com
Jan Dillon,dillon_j@email.com
Fransisca Esperanza,esperanza_f@email.com
Sheron Lauran,lauran_s@email.com
Latrisha Chasidy,chasidy_l@email.com
Susann Alia,alia_s@email.com
Mack Keren,keren_m@email.com
Byron Sherlene,sherlene_b@email.com
Charlesetta Reba,reba_c@email.com
Lamar Mikaela,mikaela_l@email.com
Katharyn Rasheeda,rasheeda_k@email.com
Jacob Barry,barry_j@email.com
Vivien Alissa,alissa_v@email.com
Fredric Keena,keena_f@email.com
Ninfa Juliana,juliana_n@email.com
Kathaleen Penny,penny_k@email.com
Leatha Wendie,wendie_l@email.com
Scott Mozelle,mozelle_s@email.com
Malik Sonny,sonny_m@email.com
Dusti Celinda,celinda_d@email.com