Shirley Frederica,frederica_s@email.com
Kendal Melaine,melaine_k@email.com
Marvis Chauncey,chauncey_m@email.com
Candace Brady,brady_c@email.com
Sau Jade,jade_s@email.com
Marva Hien,hien_m@email.com
Wilburn Ella,ella_w@email.com
Belkis Dominique,dominique_b@email.com
Gennie Ebony,ebony_g@email.com
Seymour Del,del_s@email.com
Anitra Kassandra,kassandra_a@email.com
Elmira Bernetta,bernetta_e@email.com
Enriqueta Kelley,kelley_e@email.com
Krystyna Mindy,mindy_k@email.com
Nicola Roy,roy_n@email.com
Emilee Kermit,kermit_e@email.com
Tamisha Deborah,deborah_t@email.com
Yasuko Annette,annette_y@email.com
Joannie Lynetta,lynetta_j@email.com
Kristopher Jolie,jolie_k@email.com
Luvenia Isa,isa_l@email.com
Aldo Audria,audria_a@email.com
Hollis Rafaela,rafaela_h@email.com
Donetta Latrice,latrice_d@email.com
Cyndy Yolande,yolande_c@email.com
Pricilla Kristan,kristan_p@email.com
Charissa Lianne,lianne_c@email.com
Aurora Brigida,brigida_a@email.com
Lawrence Laurice,laurice_l@email.com
Billi America,america_b@email.com
Helen Cori,cori_h@email.com
Elsie Merri,merri_e@email.com
Emery Terisa,terisa_e@email.com
Chana Erna,erna_c@email.com
Laronda Tiffanie,tiffanie_l@email.com
Elza Hiedi,hiedi_e@email.com
Tammi Ilona,ilona_t@email.com
Blossom Alejandrina,alejandrina_b@email.com
Mardell Eloisa,eloisa_m@email.com
Charline Armandina,armandina_c@email.com
Edna Eartha,eartha_e@email.com
Analisa Darby,darby_a@email.com
Rosanne Kit,kit_r@email.com
Sebastian Josephine,josephine_s@email.com
Odilia Stormy,stormy_o@email.com
Adrienne Jestine,jestine_a@email.com
Stevie Shira,shira_s@email.com
Malvina Nicholas,nicholas_m@email.com
Shalonda Dusty,dusty_s@email.com
Maricruz Chelsea,chelsea_m@email.com
Kasi Dania,dania_k@email.com
Porter Claude,claude_p@email.com
Kera Maryalice,maryalice_k@email.com
Blanche Robbin,robbin_b@email.com
Reynaldo Natashia,natashia_r@email.com
Cammy Jenice,jenice_c@email.com
Caryn Loren,loren_c@email.com
Odilia Fonda,fonda_o@email.com
Lonny Hung,hung_l@email.com
Burton Hipolito,hipolito_b@email.com
Deanne Elane,elane_d@email.com
Efren Keshia,keshia_e@email.com
Tandy Chin,chin_t@email.com
Vance Milo,milo_v@email.com
Bong Pearlie,pearlie_b@email.com
Aurelio Jacquie,jacquie_a@email.com
Cristobal Brenton,brenton_c@email.com
Chaya Nathaniel,nathaniel_c@email.com
Susanne Hope,hope_s@email.com
Chad Regena,regena_c@email.com
Min Gabriella,gabriella_m@email.com
Eduardo Shondra,shondra_e@email.com
Kristal Zenia,zenia_k@email.com
Dallas Katheleen,katheleen_d@email.com
Pennie Daniele,daniele_p@email.com
Dacia Bethanie,bethanie_d@email.com
Paola Evita,evita_p@email.com
Lavone Lashawnda,lashawnda_l@email.com
Edyth Marvin,marvin_e@email.com
Monserrate Dodie,dodie_m@email.com
Anya Katharina,katharina_a@email.com
Arie Aundrea,aundrea_a@email.com
Lesa Rosalina,rosalina_l@email.com
Helga Trudy,trudy_h@email.com
Mamie Marya,marya_m@email.com
Asuncion Alexandra,alexandra_a@email.com
Christeen Wen,wen_c@email.com
Jeanna Laquita,laquita_j@email.com
Sharie Tracie,tracie_s@email.com
Nichelle Autumn,autumn_n@email.com
Valarie Hae,hae_v@email.com
Natalie Emelina,emelina_n@email.com
Lanette Melba,melba_l@email.com
Eryn Maxine,maxine_e@email.com
Zena Olympia,olympia_z@email.com
Dominica Denyse,denyse_d@email.com
Karyl Maxie,maxie_k@email.com
Toccara Daisey,daisey_t@email.com
Shanae Romelia,romelia_s@email.com
Jaclyn Fredric,fredric_j@email.com