Kyra Malia,malia_k@email.com
Ai Venus,venus_a@email.com
Shante Carmen,carmen_s@email.com
Dedra Ulysses,ulysses_d@email.com
Melaine Iris,iris_m@email.com
Genaro Domingo,domingo_g@email.com
Donita Adan,adan_d@email.com
Ollie Jacquelin,jacquelin_o@email.com
Leisa Tonette,tonette_l@email.com
Natasha Donna,donna_n@email.com
Edythe Eugene,eugene_e@email.com
Kari Marline,marline_k@email.com
Dorene Ivonne,ivonne_d@email.com
Jutta Aura,aura_j@email.com
Nadia Marg,marg_n@email.com
Estell Ben,ben_e@email.com
Jutta Rey,rey_j@email.com
Parker Elin,elin_p@email.com
Amira Clint,clint_a@email.com
Belen Barrett,barrett_b@email.com
Wilson Lindsay,lindsay_w@email.com
Moises Violet,violet_m@email.com
Juana Hilton,hilton_j@email.com
Karie Jamaal,jamaal_k@email.com
Christian Cherry,cherry_c@email.com
Ginette Dian,dian_g@email.com
Helena Antonia,antonia_h@email.com
Genna Bethanie,bethanie_g@email.com
Rocco Serita,serita_r@email.com
Grazyna Georgiann,georgiann_g@email.com
Mina Shelby,shelby_m@email.com
Mercedez Vada,vada_m@email.com
Courtney Janee,janee_c@email.com
Arcelia Wesley,wesley_a@email.com
Heath Marybelle,marybelle_h@email.com
Buena Liana,liana_b@email.com
Eula Temeka,temeka_e@email.com
Agueda Ofelia,ofelia_a@email.com
Randell Dionne,dionne_r@email.com
Fidel Carey,carey_f@email.com
Earline Verlie,verlie_e@email.com
Rosio Ramona,ramona_r@email.com
Gisela Jen,jen_g@email.com
Yoko Rayna,rayna_y@email.com
Shay Jamika,jamika_s@email.com
Gregorio Brooke,brooke_g@email.com
Nicolas Laurene,laurene_n@email.com
Shameka Denna,denna_s@email.com
Georgiann Shiloh,shiloh_g@email.com
Louis Denver,denver_l@email.com
Jae Lenita,lenita_j@email.com
Stacee Wendi,wendi_s@email.com
Hershel Bradford,bradford_h@email.com
Terry Roselle,roselle_t@email.com
Cole Anette,anette_c@email.com
Daria Emelia,emelia_d@email.com
Virgil Stan,stan_v@email.com
Muriel Meda,meda_m@email.com
David Phylicia,phylicia_d@email.com
Anisa Julius,julius_a@email.com
Amada Delmer,delmer_a@email.com
Shyla Karolyn,karolyn_s@email.com
Eleanore Lawerence,lawerence_e@email.com
Shala So,so_s@email.com
Princess Cammy,cammy_p@email.com
Elli Lorie,lorie_e@email.com
Treva Paris,paris_t@email.com
Beatrice Hal,hal_b@email.com
Virgil Hiedi,hiedi_v@email.com
Annie Rosamaria,rosamaria_a@email.com
Alda Kenton,kenton_a@email.com
Christoper Debra,debra_c@email.com
Chelsey Nenita,nenita_c@email.com
Jacque Angelia,angelia_j@email.com
Queen Ernestina,ernestina_q@email.com
Jarrett Keenan,keenan_j@email.com
Carissa Vernell,vernell_c@email.com
Lilli Tuyet,tuyet_l@email.com
Shela Venus,venus_s@email.com
Marylyn Queen,queen_m@email.com
Claude Adell,adell_c@email.com
Marianela Suk,suk_m@email.com
Claretta Doug,doug_c@email.com
Rozanne Ana,ana_r@email.com
Nicola Sabrina,sabrina_n@email.com
Billie Trista,trista_b@email.com
Jolene Evangeline,evangeline_j@email.com
Tereasa Ryan,ryan_t@email.com
Haydee Shavon,shavon_h@email.com
Lashawna Cleora,cleora_l@email.com
Halley Germaine,germaine_h@email.com
Nadene Maura,maura_n@email.com
Angeline Kaleigh,kaleigh_a@email.com
Lorelei Caterina,caterina_l@email.com
Jerrell Golden,golden_j@email.com
Lasandra Lesha,lesha_l@email.com
Janeth Cleo,cleo_j@email.com
Jenette Van,van_j@email.com
Rikki Coy,coy_r@email.com
Juliette Jeni,jeni_j@email.com