Leigh Katelin,katelin_l@email.com
Karima Ed,ed_k@email.com
Pa Darline,darline_p@email.com
Pasquale Kenton,kenton_p@email.com
Kathern Debora,debora_k@email.com
Dorothy Cori,cori_d@email.com
Shizue Zora,zora_s@email.com
Else Queenie,queenie_e@email.com
Nora Jenna,jenna_n@email.com
Ena Camelia,camelia_e@email.com
Flo Nova,nova_f@email.com
Mira Vertie,vertie_m@email.com
Monroe Joann,joann_m@email.com
Juliann Melida,melida_j@email.com
Catherina Chelsea,chelsea_c@email.com
Gretchen Denisse,denisse_g@email.com
Rosalee Amalia,amalia_r@email.com
Gwendolyn Regan,regan_g@email.com
Christiana Candance,candance_c@email.com
Byron Porsche,porsche_b@email.com
Jannette Lan,lan_j@email.com
Melania Franklyn,franklyn_m@email.com
Tiara Tommy,tommy_t@email.com
Lupe Devora,devora_l@email.com
Delphine Dalene,dalene_d@email.com
Lyman Pennie,pennie_l@email.com
Amee William,william_a@email.com
Peggie Arnulfo,arnulfo_p@email.com
Nubia Bob,bob_n@email.com
Gertrud Bernice,bernice_g@email.com
Russ Opal,opal_r@email.com
Shellie Kathline,kathline_s@email.com
Haley Ethelyn,ethelyn_h@email.com
Cinthia Sherryl,sherryl_c@email.com
Delinda Sunny,sunny_d@email.com
Joella Thi,thi_j@email.com
Marla Margurite,margurite_m@email.com
Tawana Nick,nick_t@email.com
Terisa Tonda,tonda_t@email.com
Zonia Maegan,maegan_z@email.com
Freeman Joette,joette_f@email.com
Farrah Manuel,manuel_f@email.com
Yael Rudolph,rudolph_y@email.com
Misha Ricky,ricky_m@email.com
Jerlene Kathaleen,kathaleen_j@email.com
Major Bernadette,bernadette_m@email.com
Ilse Joaquina,joaquina_i@email.com
Damaris Arvilla,arvilla_d@email.com
Felisha Cathrine,cathrine_f@email.com
Simon Serina,serina_s@email.com
Arthur Marget,marget_a@email.com
Yadira Saturnina,saturnina_y@email.com
Stepanie Malka,malka_s@email.com
Matt Marlene,marlene_m@email.com
Raye Jacquelyne,jacquelyne_r@email.com
Jannette Sixta,sixta_j@email.com
Iraida Carlita,carlita_i@email.com
Reanna Jonelle,jonelle_r@email.com
Marissa Jerald,jerald_m@email.com
Shae Dorinda,dorinda_s@email.com
Adriana Jae,jae_a@email.com
Zachariah Bobette,bobette_z@email.com
Shelia Randy,randy_s@email.com
Kattie Leota,leota_k@email.com
Rosette Hosea,hosea_r@email.com
Cara Sheryl,sheryl_c@email.com
Jacqualine Margaretta,margaretta_j@email.com
Genevive Sang,sang_g@email.com
Leida Evonne,evonne_l@email.com
Elisabeth Sandra,sandra_e@email.com
Carri Hwa,hwa_c@email.com
Lisette Laraine,laraine_l@email.com
Sachiko Letitia,letitia_s@email.com
Marcela Katherine,katherine_m@email.com
Cory Deedra,deedra_c@email.com
Janna Tatyana,tatyana_j@email.com
Kisha Gilda,gilda_k@email.com
Myra Rachel,rachel_m@email.com
Elana Marylou,marylou_e@email.com
Candra Jeanie,jeanie_c@email.com
Twana Rina,rina_t@email.com
Julius Elias,elias_j@email.com
Otto Georgiana,georgiana_o@email.com
Lyn Phung,phung_l@email.com
Harriett Alden,alden_h@email.com
Jeanett Morton,morton_j@email.com
Erna Elane,elane_e@email.com
Estella Joanie,joanie_e@email.com
Jaqueline Rochelle,rochelle_j@email.com
Nan Janetta,janetta_n@email.com
Salvador Tora,tora_s@email.com
Marilu Katherin,katherin_m@email.com
Vera Ema,ema_v@email.com
Harold Dawn,dawn_h@email.com
Jolene Santa,santa_j@email.com
Stacia Cleopatra,cleopatra_s@email.com
Oliver Mi,mi_o@email.com
Jennie Elwood,elwood_j@email.com
Leilani Matilde,matilde_l@email.com
Delmer Verona,verona_d@email.com