Kaitlin Elisabeth,elisabeth_k@email.com
Vinnie Brenna,brenna_v@email.com
Jefferson Willis,willis_j@email.com
Ozell Kendrick,kendrick_o@email.com
Kathrin Ariel,ariel_k@email.com
Candace Myrna,myrna_c@email.com
Alexander Delores,delores_a@email.com
Quyen Elfrieda,elfrieda_q@email.com
Ailene Cira,cira_a@email.com
Lucas Burton,burton_l@email.com
Mabelle Marya,marya_m@email.com
Korey Meghann,meghann_k@email.com
Floyd Rodolfo,rodolfo_f@email.com
Assunta Valeria,valeria_a@email.com
Minda Wilmer,wilmer_m@email.com
Hildegarde Dave,dave_h@email.com
Melany Hildegarde,hildegarde_m@email.com
Jenni Johnna,johnna_j@email.com
Clair Kathi,kathi_c@email.com
Jamey Richelle,richelle_j@email.com
Evangelina Minh,minh_e@email.com
Natalia Carlyn,carlyn_n@email.com
Jeromy Margart,margart_j@email.com
Salena Arnold,arnold_s@email.com
Youlanda Lenny,lenny_y@email.com
Yun Leone,leone_y@email.com
Celine Kristina,kristina_c@email.com
Mathilde Ivey,ivey_m@email.com
Roosevelt Jenelle,jenelle_r@email.com
Tracy Leonel,leonel_t@email.com
Ara Mckinley,mckinley_a@email.com
Brittany Horacio,horacio_b@email.com
Miguelina Jefferson,jefferson_m@email.com
Lakeisha Shad,shad_l@email.com
Mao Shon,shon_m@email.com
Willis Tisha,tisha_w@email.com
Clementine Reita,reita_c@email.com
Dorene Malka,malka_d@email.com
Lisbeth Mindy,mindy_l@email.com
Chantell Gilda,gilda_c@email.com
Cordell Hilaria,hilaria_c@email.com
Carli Bernie,bernie_c@email.com
Shiela Yulanda,yulanda_s@email.com
Kyra Marylin,marylin_k@email.com
Winford Kera,kera_w@email.com
Dara Sharleen,sharleen_d@email.com
Bebe Alma,alma_b@email.com
Carey Pauletta,pauletta_c@email.com
Karon Shaunna,shaunna_k@email.com
Izetta Antonette,antonette_i@email.com
Sharleen Arvilla,arvilla_s@email.com
Yuko Odis,odis_y@email.com
Ashton Alexis,alexis_a@email.com
Leta Manuela,manuela_l@email.com
Marketta Spencer,spencer_m@email.com
Mckinley Len,len_m@email.com
Marcie Erasmo,erasmo_m@email.com
Pia Roxana,roxana_p@email.com
Cristin Katharina,katharina_c@email.com
Kurt Nellie,nellie_k@email.com
Romana Stefan,stefan_r@email.com
Yajaira Kyung,kyung_y@email.com
Erma Almeda,almeda_e@email.com
Hanna Maxine,maxine_h@email.com
Boyce Jenice,jenice_b@email.com
Genoveva Grace,grace_g@email.com
Loraine Arlean,arlean_l@email.com
Kathryne Maryann,maryann_k@email.com
Adrian Marcia,marcia_a@email.com
Dori Deja,deja_d@email.com
Laraine Ty,ty_l@email.com
Ruthann Hilaria,hilaria_r@email.com
Lupita Velma,velma_l@email.com
Providencia Joellen,joellen_p@email.com
Mikki Marilu,marilu_m@email.com
Jason Nakia,nakia_j@email.com
Slyvia Barbara,barbara_s@email.com
Kent Ignacia,ignacia_k@email.com
Ignacia Teresia,teresia_i@email.com
Rosalba Hilary,hilary_r@email.com
Isa Katheleen,katheleen_i@email.com
Marvella Huey,huey_m@email.com
Madalene Glady,glady_m@email.com
Gaston Trista,trista_g@email.com
Santo Lupe,lupe_s@email.com
Ashlyn Millicent,millicent_a@email.com
Stefania Lenora,lenora_s@email.com
Nicolasa Estell,estell_n@email.com
Brendan Nereida,nereida_b@email.com
Kenda Candice,candice_k@email.com
Kirstie Agueda,agueda_k@email.com
Augustina Dick,dick_a@email.com
Alphonse Martina,martina_a@email.com
Leesa Jeana,jeana_l@email.com
Tiffanie Lauran,lauran_t@email.com
Bess Julietta,julietta_b@email.com
Maryetta Demetria,demetria_m@email.com
Larissa Tamera,tamera_l@email.com
Brigitte Son,son_b@email.com
Dennise Tyesha,tyesha_d@email.com